<?xml version="1.0" encoding="UTF-8" standalone="yes"?>
<addon id="plugin.video.dabdate.com"
       name="Dabdate"
       version="0.5.0"
       provider-name="XBMC-Korea">
  <requires>
    <import addon="xbmc.python" version="2.1.0"/>
    <import addon="script.module.xbmcswift2" version="2.4.0"/>
    <import addon="script.module.beautifulsoup4" version="4.3.2"/>
  </requires>
  <extension point="xbmc.python.pluginsource"
             library="addon.py">
        <provides>video</provides>
  </extension>
  <extension point="xbmc.addon.metadata">
    <summary lang="en">Dabdate Streaming Service</summary>
    <summary lang="ko">댑데이트 비디오 스트리밍 서비스</summary>
    <description lang="en">Watch Korean tv shows in dabdate.com.
    It's required to change settings first before using it.
    </description>
    <description lang="ko">댑데이트(dabdate.com)에서 제공하는 한국 영화/드라마등을 볼 수 있습니다. 유료 컨텐츠는 회원으로 가입되어 있어야 사용할 수 있습니다.[CR]사이트가 해외유저 전용으로 국내에서는 사용할 수 없게 되어 있습니다.
    </description>
    <platform>all</platform>
  </extension>
</addon>
