<?xml version="1.0" encoding="UTF-8" standalone="yes"?>
<addon id="metadata.movie.daum.net"
       name="Daum Movie"
       version="2.1.1"
       provider-name="XBMC-Korea">
  <requires>
    <import addon="xbmc.metadata" version="1.0"/>
    <import addon="metadata.common.themoviedb.org" version="2.9" optional="true"/>
  </requires>
  <extension point="xbmc.metadata.scraper.movies"
             language="ko"
             library="daum-movie.xml"/>
  <extension point="xbmc.addon.metadata">
    <summary lang="en">Daum Movie Scraper</summary>
    <summary lang="hu">Daum Film scraper</summary> 
    <summary lang="ko">다음 영화 스크래퍼</summary>
    <summary lang="pt">Scraper de filmes Daum</summary>
    <description lang="en">Download movie information from movie.daum.net</description>
    <description lang="hu">Film információk letöltése a movie.daum.net webhelyről</description>
    <description lang="kr">movie.daum.net에서 영화 정보 다운로드</description>
    <description lang="pt">Descarregar informação de filmes de movie.daum.net</description>
    <platform>all</platform>
  </extension>
</addon>
