{
  "무한도전":"muhan",
  "1박 2일":"1day",
  "런닝맨":"running",
  "라디오스타":"radio",
  "복면가왕":"bok",
  "불후의 명곡":"bulhu",
  "슈퍼맨이 돌아왔다":"super",
  "삼시세끼 정선편":"sam",
  "마이 리틀 텔레비전":"my",
  "아빠 어디가":"father",
  "그것이 알고 싶다":"know",
  "놀러와":"comeplay",
  "인간의 조건":"human",
  "우리 결혼했어요 시즌4":"married",
  "그것이 알고 싶다":"know",
  "진짜 사나이":"real",
  "김제동의 톡투유":"kim",
  "천기누설":"chun",
  "학교 다녀오겠습니다":"school",
  "나는 가수다":"gasu",
  "애니멀즈":"animals",
  "비정상 회담":"bijung",
  "해피투게더":"happyto",
  "히든싱어":"hidden",
  "힐링캠프":"healing",
  "VJ 특공대":"vj",
  "룸메이트":"room",
  "스타킹":"starking",
  "무릎팍 도사":"knee",
  "불굴의 차여사":"cha",
  "소원을 말해봐":"sowon",
  "피노키오":"pino",
  "하트투하트":"heart",
  "스파이":"spy",
  "왕의 얼굴":"king",
  "님과 함께":"nim",
  "가족끼리 왜 이래":"family",
  "힐러":"healer",
  "펀치":"pun",
  "복면":"mask",
  "복면검사":"bok",
  "징비록":"jing",
  "프로듀사":"pro",
  "여왕의 꽃":"queen",
  "여자를 울려":"woman"
}
